t,cpu_avg_pct,gpu_pct,ram_used_mb,vdd_in_mw,vdd_cpu_mw,vdd_gpu_mw,vdd_soc_mw,gpu_temp_c,cpu_temp_c
0,25.0,40,6490,6264,,,,,
1,48.1,41,6497,7806,,,,,
2,34.7,41,6495,7201,,,,,
3,28.6,47,6496,6347,,,,,
4,28.3,38,6496,6306,,,,,
5,29.6,51,6496,6223,,,,,
6,49.6,41,6504,7613,,,,,
7,33.9,52,6504,7407,,,,,
8,35.3,40,6492,7078,,,,,
9,46.4,43,6471,7613,,,,,
10,37.0,49,6429,6831,,,,,
11,31.3,39,6441,6995,,,,,
12,36.0,52,6441,7407,,,,,
13,32.4,52,6451,6707,,,,,
14,26.3,39,6452,6388,,,,,
15,28.6,58,6452,6264,,,,,
16,30.1,37,6453,6512,,,,,
17,36.4,38,6449,7325,,,,,
18,46.6,39,6445,7765,,,,,
19,29.0,40,6445,6223,,,,,
20,24.4,55,6445,6141,,,,,
21,26.3,38,6445,6182,,,,,
22,34.4,38,6448,7201,,,,,
23,33.6,45,6454,7078,,,,,
24,26.0,38,6454,6223,,,,,
25,29.6,40,6454,6264,,,,,
26,27.1,41,6454,6017,,,,,
27,32.7,54,6446,6995,,,,,
28,35.1,39,6446,7325,,,,,
29,25.0,49,6454,6141,,,,,
30,28.7,45,6455,6182,,,,,
31,28.7,48,6455,6264,,,,,
32,33.3,50,6455,6748,,,,,
33,35.0,39,6455,7283,,,,,
34,34.3,40,6459,6872,,,,,
35,25.9,41,6459,6429,,,,,
36,25.7,54,6459,6429,,,,,
37,29.3,38,6457,6666,,,,,
38,38.1,58,6457,7325,,,,,
39,29.4,37,7207,6141,,,,,
40,25.3,38,7208,6141,,,,,
41,48.3,41,7201,7847,,,,,
42,42.6,44,7198,7613,,,,,
43,36.3,52,7207,6995,,,,,
44,29.9,50,7210,6388,,,,,
45,30.6,48,7210,6347,,,,,
46,48.7,40,7168,7847,,,,,
47,55.7,38,7147,8012,,,,,
48,49.4,44,7184,7806,,,,,
49,40.7,38,7168,7489,,,,,
50,36.4,38,7182,7448,,,,,
51,35.4,39,7170,7325,,,,,
52,49.9,52,7163,8176,,,,,
53,49.4,48,7162,8053,,,,,
54,46.0,44,7151,8984,,,,,
55,45.2,53,7264,9353,,,,,
56,50.2,47,7266,9558,,,,,
57,50.8,57,7250,10280,,,,,
58,52.8,40,7254,10772,,,,,
59,51.4,57,7267,10690,,,,,
60,44.4,40,7267,10076,,,,,
61,45.6,89,7257,10199,,,,,
62,44.8,93,7259,10526,,,,,
63,58.0,45,7257,11205,,,,,
64,57.9,45,7259,11287,,,,,
65,45.9,56,7259,10403,,,,,
66,45.8,71,7262,10321,,,,,
67,44.5,35,7263,10567,,,,,
68,54.0,42,7262,11100,,,,,
69,57.2,28,7266,11287,,,,,
70,49.5,46,7270,10690,,,,,
71,46.0,37,7273,10690,,,,,
72,46.1,83,7266,10608,,,,,
73,55.4,95,7257,11164,,,,,
74,56.4,59,7265,11287,,,,,
75,46.9,72,7265,10772,,,,,
76,47.2,29,7269,10608,,,,,
77,47.2,46,7270,10608,,,,,
78,55.1,76,7189,11123,,,,,
79,52.5,41,7201,10977,,,,,
80,61.5,49,7187,10895,,,,,
81,47.4,39,7189,10280,,,,,
82,47.0,29,7189,10240,,,,,
83,45.2,85,7193,10608,,,,,
84,56.9,29,7181,11246,,,,,
85,53.9,43,7191,10977,,,,,
86,49.0,68,7189,10854,,,,,
87,47.4,57,7188,10772,,,,,
88,52.2,40,7179,10977,,,,,
89,56.5,31,7188,11287,,,,,
90,57.6,33,7183,11205,,,,,
91,48.4,44,7187,10813,,,,,
92,44.2,53,7189,10731,,,,,
93,45.6,81,7189,10608,,,,,
94,53.0,64,7185,11164,,,,,
95,57.2,41,7186,11369,,,,,
96,48.8,42,7184,10526,,,,,
97,42.2,79,7190,10199,,,,,
98,43.6,28,7192,10608,,,,,
99,53.0,86,7183,11082,,,,,
100,58.6,38,7186,11450,,,,,
101,51.0,92,7189,10854,,,,,
102,56.2,36,7191,11205,,,,,
103,44.9,44,7185,10403,,,,,
104,46.2,52,7190,10813,,,,,
105,55.9,29,7191,11328,,,,,
106,55.5,51,7187,10977,,,,,
107,48.4,81,7190,10772,,,,,
108,46.8,33,7183,10690,,,,,
109,47.8,50,7188,10649,,,,,
110,59.2,30,7184,11287,,,,,
111,59.9,56,7175,11205,,,,,
112,56.0,97,7122,10772,,,,,
113,47.6,39,7122,10280,,,,,
114,43.0,39,7122,10199,,,,,
115,51.2,84,7129,10854,,,,,
116,54.1,80,7141,11059,,,,,
117,43.4,88,7141,10362,,,,,
118,46.0,16,7142,10240,,,,,
119,45.0,49,7142,10649,,,,,
120,51.8,30,7140,11205,,,,,
121,57.5,66,7141,11491,,,,,
122,48.4,49,7145,10936,,,,,
123,58.6,97,6620,11205,,,,,
124,49.6,83,6528,10649,,,,,
125,51.1,89,6531,11082,,,,,
126,55.5,47,6533,11328,,,,,
127,49.2,94,6541,10895,,,,,
128,44.9,39,6542,10813,,,,,
129,43.1,28,6543,10649,,,,,
130,48.9,29,6547,11123,,,,,
131,54.6,94,6542,11450,,,,,
132,51.8,31,6552,11018,,,,,
133,45.6,28,6554,10690,,,,,
134,43.9,68,6554,10690,,,,,
135,45.8,28,6556,10854,,,,,
136,56.9,46,6558,11369,,,,,
137,53.1,91,6564,11164,,,,,
138,46.0,54,6559,10813,,,,,
139,45.5,57,6559,10772,,,,,
140,47.9,43,6560,10854,,,,,
141,54.0,36,6562,11369,,,,,
142,53.8,32,6569,11450,,,,,
143,48.4,86,6569,10895,,,,,
144,46.8,95,6569,10649,,,,,
145,46.1,65,6571,10731,,,,,
146,53.8,96,6570,11246,,,,,
147,60.1,65,6579,11450,,,,,
148,53.2,53,6650,10977,,,,,
149,53.6,40,6724,10977,,,,,
150,57.1,52,6726,10772,,,,,
151,48.9,99,6726,10731,,,,,
152,54.6,52,6728,11018,,,,,
153,48.8,40,6734,10485,,,,,
154,42.9,56,6735,10362,,,,,
155,45.0,51,6737,10321,,,,,
156,46.6,52,6738,10485,,,,,
157,53.9,99,6735,10977,,,,,
158,50.2,47,6744,10444,,,,,
159,55.6,38,6744,10444,,,,,
160,43.6,93,6745,10321,,,,,
161,45.8,42,6742,10362,,,,,
162,53.1,48,6748,10936,,,,,
163,55.6,37,6755,10772,,,,,
164,43.0,61,6756,10321,,,,,
165,42.0,39,6755,10280,,,,,
166,41.8,48,6755,10199,,,,,
167,50.4,53,6751,11059,,,,,
168,53.6,65,6760,11205,,,,,
169,44.8,45,6758,10567,,,,,
170,45.0,28,6759,10813,,,,,
171,47.1,46,6759,10772,,,,,
172,52.1,43,6759,11328,,,,,
173,56.5,36,6762,11532,,,,,
174,50.4,46,6770,11001,,,,,
175,49.8,39,6770,10936,,,,,
176,46.5,28,6769,10895,,,,,
177,53.9,66,6773,11287,,,,,
178,54.6,28,6776,11491,,,,,
179,47.4,43,6784,10854,,,,,
180,46.6,66,6787,10813,,,,,
181,48.4,28,6786,10854,,,,,
182,47.1,56,6789,11082,,,,,
183,55.0,50,6786,11491,,,,,
184,53.5,51,6796,11123,,,,,
185,45.2,50,6791,10813,,,,,
186,47.4,30,6791,10854,,,,,
187,49.2,32,6792,10895,,,,,
188,58.2,38,6798,11450,,,,,
189,53.5,30,6800,11287,,,,,
190,45.5,56,6801,10977,,,,,
191,46.5,66,6800,10936,,,,,
192,46.8,24,6797,10936,,,,,
193,65.4,68,6791,11737,,,,,
194,56.6,29,6793,11328,,,,,
195,45.6,52,6802,10526,,,,,
196,46.6,28,6803,10772,,,,,
197,47.4,62,6804,10813,,,,,
198,45.0,51,6804,10813,,,,,
199,56.2,52,6804,11205,,,,,
200,51.4,99,6809,10649,,,,,
201,44.8,38,6809,10444,,,,,
202,43.5,74,6810,10240,,,,,
203,43.4,72,6810,10280,,,,,
204,51.5,44,6811,10813,,,,,
205,53.8,77,6823,10936,,,,,
206,56.8,37,6818,11082,,,,,
207,46.4,60,6817,10321,,,,,
208,42.5,50,6817,10608,,,,,
209,51.2,84,6821,11246,,,,,
210,57.4,40,6823,11409,,,,,
211,48.9,28,6828,10936,,,,,
212,46.6,44,6829,10854,,,,,
213,44.5,57,6829,10813,,,,,
214,50.4,74,6834,11164,,,,,
215,57.4,36,6835,11409,,,,,
216,58.2,39,6824,11123,,,,,
217,43.1,36,6824,10321,,,,,
218,42.2,39,6824,10280,,,,,
219,46.9,46,6829,10403,,,,,
220,55.6,61,6831,10977,,,,,
221,52.2,49,6835,10813,,,,,
222,44.9,45,6836,10813,,,,,
223,45.0,40,6836,10772,,,,,
224,48.2,94,6837,10813,,,,,
225,47.4,83,6837,10813,,,,,
226,44.9,52,6838,10895,,,,,
227,48.0,59,6839,10977,,,,,
228,56.6,52,6770,11328,,,,,
229,47.5,47,6771,10813,,,,,
230,45.5,41,6771,10813,,,,,
231,50.2,37,6770,10813,,,,,
232,45.8,37,6770,10240,,,,,
233,44.6,30,6770,10731,,,,,
234,54.6,81,6772,11409,,,,,
235,55.2,38,6781,11328,,,,,
236,50.4,61,6781,10936,,,,,
237,44.4,50,6781,10977,,,,,
238,43.5,85,6780,10895,,,,,
239,55.8,78,6783,11328,,,,,
240,57.8,30,6788,11532,,,,,
241,48.8,31,6788,10854,,,,,
242,44.9,34,6788,10772,,,,,
243,44.1,96,6788,10690,,,,,
244,52.4,28,6786,11287,,,,,
245,54.9,86,6790,11532,,,,,
246,58.0,38,6787,11123,,,,,
247,44.4,58,6786,10403,,,,,
248,48.5,50,6786,10813,,,,,
249,48.5,37,6787,10895,,,,,
250,46.1,0,6787,10608,,,,,
251,45.9,66,6786,10608,,,,,
252,43.1,29,6785,10772,,,,,
253,44.0,42,6787,10895,,,,,
254,43.6,37,6788,10485,,,,,
255,45.6,99,6788,10403,,,,,
256,45.4,77,6789,10444,,,,,
257,45.1,73,6790,10772,,,,,
258,47.0,37,6791,10813,,,,,
259,45.5,41,6791,10895,,,,,
260,50.4,54,6789,11018,,,,,
261,46.9,47,6791,10936,,,,,
262,46.2,38,6792,10895,,,,,
263,46.0,60,6794,10854,,,,,
264,48.8,48,6796,11041,,,,,
265,44.6,28,6795,10895,,,,,
266,43.4,32,6796,10854,,,,,
267,45.2,76,6796,10895,,,,,
268,46.9,90,6797,10936,,,,,
269,48.2,56,6797,10977,,,,,
270,46.6,85,6800,11001,,,,,
271,55.2,64,6803,11328,,,,,
272,44.8,43,6804,10960,,,,,
273,45.2,40,6804,10854,,,,,
274,48.0,45,6806,11041,,,,,
275,48.1,38,6807,11018,,,,,
276,43.4,41,6807,10362,,,,,
277,42.9,58,6808,10321,,,,,
278,44.9,83,6809,10280,,,,,
279,46.2,98,6811,10117,,,,,
280,46.8,71,6811,10895,,,,,
281,44.5,40,6811,11018,,,,,
282,43.2,89,6811,10608,,,,,
283,48.1,43,6812,11059,,,,,
284,48.2,88,6814,10977,,,,,
285,47.6,68,6815,10977,,,,,
286,47.0,77,6816,11018,,,,,
287,43.5,44,6817,10321,,,,,
288,45.5,37,6819,10690,,,,,
289,44.9,81,6819,10567,,,,,
290,45.0,42,6819,10526,,,,,
291,47.1,33,6821,10854,,,,,
292,44.5,39,6821,10977,,,,,
293,45.8,47,6824,11082,,,,,
294,48.0,45,6825,10813,,,,,
295,44.8,43,6825,10608,,,,,
296,43.0,39,6826,10199,,,,,
297,44.5,62,6824,10731,,,,,
298,43.5,93,6826,10813,,,,,
299,46.6,99,6826,10567,,,,,
300,45.4,54,6827,10485,,,,,
301,55.0,95,6832,11205,,,,,
302,56.0,31,6832,11737,,,,,
303,50.0,49,6842,11164,,,,,
304,42.2,58,6841,10854,,,,,
305,47.4,48,6840,11059,,,,,
306,43.6,42,6839,11082,,,,,
307,45.8,37,6840,11041,,,,,
308,44.5,69,6839,10936,,,,,
309,46.0,48,6840,10895,,,,,
310,45.5,98,6841,10526,,,,,
311,43.9,37,6840,10567,,,,,
312,51.0,51,6841,10936,,,,,
313,44.2,48,6842,10526,,,,,
314,45.5,56,6841,10321,,,,,
315,48.6,51,6842,10608,,,,,
316,44.8,45,6841,10444,,,,,
317,46.1,32,6843,10977,,,,,
318,45.6,87,6845,10854,,,,,
319,42.6,48,6845,10895,,,,,
320,45.5,29,6845,10977,,,,,
321,46.4,90,6844,10977,,,,,
322,45.9,30,6845,10895,,,,,
323,45.9,58,6848,11018,,,,,
324,44.0,95,6845,10690,,,,,
325,43.1,36,6844,10362,,,,,
326,45.4,81,6845,10117,,,,,
327,46.5,87,6845,10813,,,,,
328,47.0,30,6846,10854,,,,,
329,45.5,41,6847,10936,,,,,
330,44.5,30,6847,10936,,,,,
331,45.9,31,6848,10977,,,,,
332,46.8,87,6850,10977,,,,,
333,46.4,60,6857,10977,,,,,
334,44.9,48,6857,10854,,,,,
335,42.9,39,6858,10854,,,,,
336,46.4,60,6858,10895,,,,,
337,46.8,49,6858,10895,,,,,
338,46.6,60,6860,11041,,,,,
339,45.2,46,6860,11001,,,,,
340,44.2,75,6860,10895,,,,,
341,43.9,35,6860,10854,,,,,
342,45.9,81,6861,10895,,,,,
343,45.5,63,6863,10772,,,,,
344,46.4,28,6863,10895,,,,,
345,46.0,95,6864,10936,,,,,
346,45.1,33,6866,10895,,,,,
347,47.1,37,6867,10936,,,,,
348,46.0,76,6868,10895,,,,,
349,45.8,31,6868,10936,,,,,
350,43.4,46,6868,10936,,,,,
351,45.5,90,6870,10936,,,,,
352,46.8,95,6871,11018,,,,,
353,53.5,39,6872,11100,,,,,
354,48.8,17,6872,10936,,,,,
355,43.8,58,6872,10977,,,,,
356,54.9,41,6878,11573,,,,,
357,42.1,39,6779,8792,,,,,
358,50.4,50,6783,7724,,,,,
359,24.3,42,6783,6584,,,,,
360,25.1,38,6783,6625,,,,,
361,39.1,50,6670,7736,,,,,
362,46.3,48,6643,8094,,,,,
363,37.6,44,6265,7613,,,,,
364,36.9,40,6006,7530,,,,,
365,36.0,45,6001,7119,,,,,
366,29.4,39,6004,7078,,,,,
367,36.1,40,6005,7654,,,,,
368,30.3,50,6019,6748,,,,,
369,25.9,50,6015,6306,,,,,
370,26.9,39,6015,6347,,,,,
371,26.6,54,6015,6429,,,,,
372,28.3,45,6015,6470,,,,,
373,30.4,53,6015,6594,,,,,
374,35.0,52,6015,6748,,,,,
375,27.3,40,6014,6306,,,,,
376,29.1,57,6010,6594,,,,,
377,24.9,49,6010,6388,,,,,
378,28.0,49,6010,6512,,,,,
379,29.3,45,6010,6429,,,,,
380,28.7,54,6010,6470,,,,,
381,30.6,56,6010,6388,,,,,
382,23.9,42,6010,6347,,,,,
383,26.1,49,6010,6470,,,,,
384,27.3,40,6010,6388,,,,,
385,28.1,40,6010,6470,,,,,
386,28.6,38,6010,6470,,,,,
387,29.1,39,6010,6429,,,,,
388,28.6,38,6010,6141,,,,,
389,22.7,39,6010,6388,,,,,
390,27.0,38,6010,6429,,,,,
391,26.6,45,6010,6388,,,,,
392,28.7,39,6010,6470,,,,,
393,28.1,42,6010,6429,,,,,
394,40.6,40,6010,7242,,,,,
395,27.4,42,6010,6306,,,,,
396,25.0,51,6010,6264,,,,,
397,27.0,38,6010,6306,,,,,
398,26.7,42,6010,6429,,,,,
399,29.0,45,6010,6429,,,,,
400,28.0,43,6010,6470,,,,,
401,29.9,40,6010,6347,,,,,
402,24.3,38,6010,6182,,,,,
403,25.3,37,6010,6264,,,,,
404,27.3,46,6010,6306,,,,,
405,28.1,47,6010,6429,,,,,
406,29.1,38,6010,6470,,,,,
407,28.7,51,6010,6429,,,,,
408,29.1,0,6010,6223,,,,,
409,24.9,40,6010,6223,,,,,
410,26.7,39,6010,6388,,,,,
411,27.0,49,6010,6347,,,,,
412,28.0,53,6010,6429,,,,,
413,28.6,46,6010,6429,,,,,
414,27.9,38,6010,6388,,,,,
415,27.4,43,6010,6099,,,,,
416,24.6,49,6010,6223,,,,,
417,27.0,42,6010,6306,,,,,
418,26.6,52,6010,6388,,,,,
419,28.4,52,6011,6388,,,,,
420,28.3,52,6011,6429,,,,,
421,29.4,47,6011,6347,,,,,
422,26.1,51,6011,6182,,,,,
423,24.6,40,6011,6223,,,,,
424,26.9,39,6011,6306,,,,,
425,27.3,54,6011,6388,,,,,
426,28.6,39,6011,6388,,,,,
427,28.1,39,6011,6429,,,,,
428,30.9,37,6011,6347,,,,,
429,24.4,38,6011,6182,,,,,
430,25.4,38,6011,6388,,,,,
431,27.1,40,6011,6347,,,,,
432,27.6,38,6011,6388,,,,,
433,29.0,42,6011,6388,,,,,
434,30.6,39,6011,6347,,,,,
435,28.3,38,6011,6141,,,,,
436,24.4,38,6011,6223,,,,,
437,25.6,47,6011,6264,,,,,
438,26.1,50,6011,6347,,,,,
439,28.3,38,6011,6429,,,,,
440,27.9,40,6011,6388,,,,,
441,29.6,43,6011,6347,,,,,
442,26.6,41,6011,6017,,,,,
443,23.9,40,6011,6182,,,,,
444,25.9,43,6011,6264,,,,,
445,53.6,52,6015,7847,,,,,
446,35.4,38,6021,7571,,,,,
447,31.4,42,6015,6872,,,,,
